{"file_name":"leg6","texture_size":[64,64],"textures":{"30741219-98e3-e4f6-6f06-4238dbd7936a":"modelengine:entity/scorpion"},"elements":[{"name":"cube","from":[7.1,3.7999997,7.1],"to":[8.9,8.0,8.9],"rotation":{"angle":0.0,"axis":"x","origin":[5.3,11.900001,11.900001]},"faces":{"down":{"uv":[6.0,9.25,5.25,10.0],"rotation":0,"texture":"#30741219-98e3-e4f6-6f06-4238dbd7936a","tintindex":0},"east":{"uv":[3.0,7.5,3.75,9.25],"rotation":0,"texture":"#30741219-98e3-e4f6-6f06-4238dbd7936a","tintindex":0},"north":{"uv":[2.25,7.5,3.0,9.25],"rotation":0,"texture":"#30741219-98e3-e4f6-6f06-4238dbd7936a","tintindex":0},"south":{"uv":[7.5,3.5,8.25,5.25],"rotation":0,"texture":"#30741219-98e3-e4f6-6f06-4238dbd7936a","tintindex":0},"up":{"uv":[5.25,10.0,4.5,9.25],"rotation":0,"texture":"#30741219-98e3-e4f6-6f06-4238dbd7936a","tintindex":0},"west":{"uv":[3.75,7.5,4.5,9.25],"rotation":0,"texture":"#30741219-98e3-e4f6-6f06-4238dbd7936a","tintindex":0}}}],"display":{"head":{"translation":[0.0,-6.4,0.0],"rotation":[0.0,0.0,0.0],"scale":[3.8095,3.8095,3.8095]},"gui":{"translation":[0.0,0.0,0.0],"rotation":[35.0,225.0,0.0],"scale":[0.625,0.625,0.625]}}}