{"file_name":"tail","texture_size":[64,64],"textures":{"30741219-98e3-e4f6-6f06-4238dbd7936a":"modelengine:entity/scorpion"},"elements":[{"name":"cube","from":[5.8999996,6.8,8.0],"to":[9.5,8.0,11.6],"rotation":{"angle":0.0,"axis":"x","origin":[-0.7000003,10.700001,11.6]},"faces":{"down":{"uv":[5.0,1.5,3.5,3.0],"rotation":0,"texture":"#30741219-98e3-e4f6-6f06-4238dbd7936a","tintindex":0},"east":{"uv":[5.0,2.5,6.5,3.0],"rotation":0,"texture":"#30741219-98e3-e4f6-6f06-4238dbd7936a","tintindex":0},"north":{"uv":[5.0,2.0,6.5,2.5],"rotation":0,"texture":"#30741219-98e3-e4f6-6f06-4238dbd7936a","tintindex":0},"south":{"uv":[8.0,1.75,9.5,2.25],"rotation":0,"texture":"#30741219-98e3-e4f6-6f06-4238dbd7936a","tintindex":0},"up":{"uv":[5.0,1.5,3.5,0.0],"rotation":0,"texture":"#30741219-98e3-e4f6-6f06-4238dbd7936a","tintindex":0},"west":{"uv":[8.0,2.25,9.5,2.75],"rotation":0,"texture":"#30741219-98e3-e4f6-6f06-4238dbd7936a","tintindex":0}}}],"display":{"head":{"translation":[0.0,-6.4,0.0],"rotation":[0.0,0.0,0.0],"scale":[3.8095,3.8095,3.8095]},"gui":{"translation":[0.0,0.0,0.0],"rotation":[35.0,225.0,0.0],"scale":[0.625,0.625,0.625]}}}