{"file_name":"torso","texture_size":[65,65],"textures":{"f19a8810-c3bb-ae71-19d1-0a7adeb5e153":"modelengine:entity/texture"},"elements":[{"name":"cube","from":[5.6,8.0,6.2],"to":[10.4,16.400002,9.8],"rotation":{"angle":0.0,"axis":"x","origin":[8.0,0.7999997,8.0]},"faces":{"down":{"uv":[5.415385,0.0,3.4461539,1.4769231],"rotation":0,"texture":"#f19a8810-c3bb-ae71-19d1-0a7adeb5e153","tintindex":0},"east":{"uv":[0.0,1.4769231,1.4769231,4.923077],"rotation":0,"texture":"#f19a8810-c3bb-ae71-19d1-0a7adeb5e153","tintindex":0},"north":{"uv":[1.4769231,1.4769231,3.4461539,4.923077],"rotation":0,"texture":"#f19a8810-c3bb-ae71-19d1-0a7adeb5e153","tintindex":0},"south":{"uv":[4.923077,1.4769231,6.8923078,4.923077],"rotation":0,"texture":"#f19a8810-c3bb-ae71-19d1-0a7adeb5e153","tintindex":0},"up":{"uv":[3.4461539,1.4769231,1.4769231,0.0],"rotation":0,"texture":"#f19a8810-c3bb-ae71-19d1-0a7adeb5e153","tintindex":0},"west":{"uv":[3.4461539,1.4769231,4.923077,4.923077],"rotation":0,"texture":"#f19a8810-c3bb-ae71-19d1-0a7adeb5e153","tintindex":0}}}],"display":{"head":{"translation":[0.0,-6.4,0.0],"rotation":[0.0,0.0,0.0],"scale":[3.8095,3.8095,3.8095]},"gui":{"translation":[0.0,0.0,0.0],"rotation":[35.0,225.0,0.0],"scale":[0.625,0.625,0.625]}}}