{"file_name":"horns","texture_size":[64,32],"textures":{"203e0d2d-eb9e-7017-1378-7b3785b57ba3":"modelengine:entity/witherhead2","052db53e-9617-1267-50a2-32becc7328b1":"modelengine:entity/witherhead"},"elements":[{"name":"cube","from":[-1.0600004,8.0,6.8],"to":[0.19999981,9.379999,13.160001],"rotation":{"angle":0.0,"axis":"x","origin":[8.0,8.0,8.0]},"faces":{"down":{"uv":[0.0,0.0,0.25,0.5],"rotation":0,"texture":"#203e0d2d-eb9e-7017-1378-7b3785b57ba3","tintindex":0},"east":{"uv":[0.0,0.0,0.25,0.5],"rotation":0,"texture":"#203e0d2d-eb9e-7017-1378-7b3785b57ba3","tintindex":0},"north":{"uv":[0.0,0.0,0.25,0.5],"rotation":0,"texture":"#203e0d2d-eb9e-7017-1378-7b3785b57ba3","tintindex":0},"south":{"uv":[0.0,0.0,0.25,0.5],"rotation":0,"texture":"#203e0d2d-eb9e-7017-1378-7b3785b57ba3","tintindex":0},"up":{"uv":[0.0,0.0,0.25,0.5],"rotation":0,"texture":"#203e0d2d-eb9e-7017-1378-7b3785b57ba3","tintindex":0},"west":{"uv":[0.0,0.0,0.25,0.5],"rotation":0,"texture":"#203e0d2d-eb9e-7017-1378-7b3785b57ba3","tintindex":0}}},{"name":"cube","from":[0.49999976,8.0,6.8],"to":[5.0,9.379999,8.6],"rotation":{"angle":0.0,"axis":"x","origin":[8.0,8.0,8.0]},"faces":{"down":{"uv":[0.0,0.0,0.25,0.5],"rotation":0,"texture":"#203e0d2d-eb9e-7017-1378-7b3785b57ba3","tintindex":0},"east":{"uv":[0.0,0.0,0.25,0.5],"rotation":0,"texture":"#203e0d2d-eb9e-7017-1378-7b3785b57ba3","tintindex":0},"north":{"uv":[0.0,0.0,0.25,0.5],"rotation":0,"texture":"#203e0d2d-eb9e-7017-1378-7b3785b57ba3","tintindex":0},"south":{"uv":[0.0,0.0,0.25,0.5],"rotation":0,"texture":"#203e0d2d-eb9e-7017-1378-7b3785b57ba3","tintindex":0},"up":{"uv":[0.0,0.0,0.25,0.5],"rotation":0,"texture":"#203e0d2d-eb9e-7017-1378-7b3785b57ba3","tintindex":0},"west":{"uv":[0.0,0.0,0.25,0.5],"rotation":0,"texture":"#203e0d2d-eb9e-7017-1378-7b3785b57ba3","tintindex":0}}},{"name":"cube","from":[5.3,8.0,6.8],"to":[9.8,9.379999,8.6],"rotation":{"angle":0.0,"axis":"x","origin":[8.0,8.0,8.0]},"faces":{"down":{"uv":[0.0,0.0,0.25,0.5],"rotation":0,"texture":"#203e0d2d-eb9e-7017-1378-7b3785b57ba3","tintindex":0},"east":{"uv":[0.0,0.0,0.25,0.5],"rotation":0,"texture":"#203e0d2d-eb9e-7017-1378-7b3785b57ba3","tintindex":0},"north":{"uv":[0.0,0.0,0.25,0.5],"rotation":0,"texture":"#203e0d2d-eb9e-7017-1378-7b3785b57ba3","tintindex":0},"south":{"uv":[0.0,0.0,0.25,0.5],"rotation":0,"texture":"#203e0d2d-eb9e-7017-1378-7b3785b57ba3","tintindex":0},"up":{"uv":[0.0,0.0,0.25,0.5],"rotation":0,"texture":"#203e0d2d-eb9e-7017-1378-7b3785b57ba3","tintindex":0},"west":{"uv":[0.0,0.0,0.25,0.5],"rotation":0,"texture":"#203e0d2d-eb9e-7017-1378-7b3785b57ba3","tintindex":0}}},{"name":"cube","from":[10.1,8.0,6.8],"to":[14.6,9.379999,8.6],"rotation":{"angle":0.0,"axis":"x","origin":[8.0,8.0,8.0]},"faces":{"down":{"uv":[0.0,0.0,0.25,0.5],"rotation":0,"texture":"#203e0d2d-eb9e-7017-1378-7b3785b57ba3","tintindex":0},"east":{"uv":[0.0,0.0,0.25,0.5],"rotation":0,"texture":"#203e0d2d-eb9e-7017-1378-7b3785b57ba3","tintindex":0},"north":{"uv":[0.0,0.0,0.25,0.5],"rotation":0,"texture":"#203e0d2d-eb9e-7017-1378-7b3785b57ba3","tintindex":0},"south":{"uv":[0.0,0.0,0.25,0.5],"rotation":0,"texture":"#203e0d2d-eb9e-7017-1378-7b3785b57ba3","tintindex":0},"up":{"uv":[0.0,0.0,0.25,0.5],"rotation":0,"texture":"#203e0d2d-eb9e-7017-1378-7b3785b57ba3","tintindex":0},"west":{"uv":[0.0,0.0,0.25,0.5],"rotation":0,"texture":"#203e0d2d-eb9e-7017-1378-7b3785b57ba3","tintindex":0}}},{"name":"cube","from":[14.900001,8.0,6.8],"to":[15.98,9.379999,13.28],"rotation":{"angle":0.0,"axis":"x","origin":[8.0,8.0,8.0]},"faces":{"down":{"uv":[0.0,0.0,0.25,0.5],"rotation":0,"texture":"#203e0d2d-eb9e-7017-1378-7b3785b57ba3","tintindex":0},"east":{"uv":[0.0,0.0,0.25,0.5],"rotation":0,"texture":"#203e0d2d-eb9e-7017-1378-7b3785b57ba3","tintindex":0},"north":{"uv":[0.0,0.0,0.25,0.5],"rotation":0,"texture":"#203e0d2d-eb9e-7017-1378-7b3785b57ba3","tintindex":0},"south":{"uv":[0.0,0.0,0.25,0.5],"rotation":0,"texture":"#203e0d2d-eb9e-7017-1378-7b3785b57ba3","tintindex":0},"up":{"uv":[0.0,0.0,0.25,0.5],"rotation":0,"texture":"#203e0d2d-eb9e-7017-1378-7b3785b57ba3","tintindex":0},"west":{"uv":[0.0,0.0,0.25,0.5],"rotation":0,"texture":"#203e0d2d-eb9e-7017-1378-7b3785b57ba3","tintindex":0}}}],"display":{"head":{"translation":[0.0,-6.4,0.0],"rotation":[0.0,0.0,0.0],"scale":[3.8095,3.8095,3.8095]},"gui":{"translation":[0.0,0.0,0.0],"rotation":[35.0,225.0,0.0],"scale":[0.625,0.625,0.625]}}}