{"file_name":"leg1","texture_size":[128,128],"textures":{"e38e09b3-2c78-6c20-9bd7-93e5a8868b8b":"modelengine:entity/unicorn"},"elements":[{"name":"cube","from":[6.6608,3.5239992,6.5408],"to":[9.339201,7.988,9.2192],"rotation":{"angle":0.0,"axis":"x","origin":[8.0,5.7559996,7.88]},"faces":{"down":{"uv":[14.0,5.25,13.0,6.25],"rotation":0,"texture":"#e38e09b3-2c78-6c20-9bd7-93e5a8868b8b","tintindex":0},"east":{"uv":[15.0,6.25,16.0,7.75],"rotation":0,"texture":"#e38e09b3-2c78-6c20-9bd7-93e5a8868b8b","tintindex":0},"north":{"uv":[12.0,6.25,13.0,7.75],"rotation":0,"texture":"#e38e09b3-2c78-6c20-9bd7-93e5a8868b8b","tintindex":0},"south":{"uv":[13.0,6.25,14.0,7.75],"rotation":0,"texture":"#e38e09b3-2c78-6c20-9bd7-93e5a8868b8b","tintindex":0},"up":{"uv":[14.0,6.25,13.0,5.25],"rotation":0,"texture":"#e38e09b3-2c78-6c20-9bd7-93e5a8868b8b","tintindex":0},"west":{"uv":[14.0,6.25,15.0,7.75],"rotation":0,"texture":"#e38e09b3-2c78-6c20-9bd7-93e5a8868b8b","tintindex":0}}}],"display":{"head":{"translation":[0.0,-6.4,0.0],"rotation":[0.0,0.0,0.0],"scale":[3.8095,3.8095,3.8095]},"gui":{"translation":[0.0,0.0,0.0],"rotation":[35.0,225.0,0.0],"scale":[0.625,0.625,0.625]}}}