{"file_name":"tail","texture_size":[128,128],"textures":{"e38e09b3-2c78-6c20-9bd7-93e5a8868b8b":"modelengine:entity/unicorn"},"elements":[{"name":"cube","from":[6.6608,-0.94000053,5.2015996],"to":[9.339201,7.988,7.88],"rotation":{"angle":-22.5,"axis":"x","origin":[8.0,7.988,7.88]},"faces":{"down":{"uv":[12.25,9.0,13.25,10.0],"rotation":0,"texture":"#e38e09b3-2c78-6c20-9bd7-93e5a8868b8b","tintindex":0},"east":{"uv":[13.0,10.0,14.0,13.5],"rotation":0,"texture":"#e38e09b3-2c78-6c20-9bd7-93e5a8868b8b","tintindex":0},"north":{"uv":[10.5,10.0,11.5,13.5],"rotation":0,"texture":"#e38e09b3-2c78-6c20-9bd7-93e5a8868b8b","tintindex":0},"south":{"uv":[11.375,10.0,12.375,13.5],"rotation":0,"texture":"#e38e09b3-2c78-6c20-9bd7-93e5a8868b8b","tintindex":0},"up":{"uv":[11.5,9.0,12.25,10.0],"rotation":0,"texture":"#e38e09b3-2c78-6c20-9bd7-93e5a8868b8b","tintindex":0},"west":{"uv":[12.25,10.0,13.25,13.5],"rotation":0,"texture":"#e38e09b3-2c78-6c20-9bd7-93e5a8868b8b","tintindex":0}}}],"display":{"head":{"translation":[0.0,-6.4,0.0],"rotation":[0.0,0.0,0.0],"scale":[3.8095,3.8095,3.8095]},"gui":{"translation":[0.0,0.0,0.0],"rotation":[35.0,225.0,0.0],"scale":[0.625,0.625,0.625]}}}