{"file_name":"body","texture_size":[64,32],"textures":{"203e0d2d-eb9e-7017-1378-7b3785b57ba3":"modelengine:entity/witherhead2","052db53e-9617-1267-50a2-32becc7328b1":"modelengine:entity/witherhead"},"elements":[{"name":"cube","from":[2.6,5.6,4.3999996],"to":[11.6,8.6,5.0],"rotation":{"angle":0.0,"axis":"x","origin":[8.0,8.0,8.0]},"faces":{"down":{"uv":[0.0,0.0,0.25,0.5],"rotation":0,"texture":"#052db53e-9617-1267-50a2-32becc7328b1","tintindex":0},"east":{"uv":[0.0,0.0,0.25,0.5],"rotation":0,"texture":"#052db53e-9617-1267-50a2-32becc7328b1","tintindex":0},"north":{"uv":[0.0,0.0,0.25,0.5],"rotation":0,"texture":"#052db53e-9617-1267-50a2-32becc7328b1","tintindex":0},"south":{"uv":[0.0,0.0,0.25,0.5],"rotation":0,"texture":"#052db53e-9617-1267-50a2-32becc7328b1","tintindex":0},"up":{"uv":[0.0,0.0,0.25,0.5],"rotation":0,"texture":"#052db53e-9617-1267-50a2-32becc7328b1","tintindex":0},"west":{"uv":[0.0,0.0,0.25,0.5],"rotation":0,"texture":"#203e0d2d-eb9e-7017-1378-7b3785b57ba3","tintindex":0}}},{"name":"cube","from":[2.6,-5.200001,4.94],"to":[11.6,7.4,5.84],"rotation":{"angle":0.0,"axis":"x","origin":[8.0,8.0,8.0]},"faces":{"down":{"uv":[0.0,0.0,0.25,0.5],"rotation":0,"texture":"#052db53e-9617-1267-50a2-32becc7328b1","tintindex":0},"east":{"uv":[0.0,0.0,0.25,0.5],"rotation":0,"texture":"#052db53e-9617-1267-50a2-32becc7328b1","tintindex":0},"north":{"uv":[0.0,0.0,0.25,0.5],"rotation":0,"texture":"#052db53e-9617-1267-50a2-32becc7328b1","tintindex":0},"south":{"uv":[0.0,0.0,0.25,0.5],"rotation":0,"texture":"#052db53e-9617-1267-50a2-32becc7328b1","tintindex":0},"up":{"uv":[0.0,0.0,0.25,0.5],"rotation":0,"texture":"#052db53e-9617-1267-50a2-32becc7328b1","tintindex":0},"west":{"uv":[0.0,0.0,0.25,0.5],"rotation":0,"texture":"#052db53e-9617-1267-50a2-32becc7328b1","tintindex":0}}},{"name":"cube","from":[2.6,-7.4800005,5.84],"to":[11.6,6.3200006,6.74],"rotation":{"angle":0.0,"axis":"x","origin":[8.0,8.0,8.0]},"faces":{"down":{"uv":[0.0,0.0,0.25,0.5],"rotation":0,"texture":"#052db53e-9617-1267-50a2-32becc7328b1","tintindex":0},"east":{"uv":[0.0,0.0,0.25,0.5],"rotation":0,"texture":"#052db53e-9617-1267-50a2-32becc7328b1","tintindex":0},"north":{"uv":[0.0,0.0,0.25,0.5],"rotation":0,"texture":"#052db53e-9617-1267-50a2-32becc7328b1","tintindex":0},"south":{"uv":[0.0,0.0,0.25,0.5],"rotation":0,"texture":"#052db53e-9617-1267-50a2-32becc7328b1","tintindex":0},"up":{"uv":[0.0,0.0,0.25,0.5],"rotation":0,"texture":"#052db53e-9617-1267-50a2-32becc7328b1","tintindex":0},"west":{"uv":[0.0,0.0,0.25,0.5],"rotation":0,"texture":"#052db53e-9617-1267-50a2-32becc7328b1","tintindex":0}}},{"name":"cube","from":[2.6,-5.4400005,6.74],"to":[11.6,5.66,19.1],"rotation":{"angle":0.0,"axis":"x","origin":[8.0,8.0,8.0]},"faces":{"down":{"uv":[0.0,0.0,0.25,0.5],"rotation":0,"texture":"#052db53e-9617-1267-50a2-32becc7328b1","tintindex":0},"east":{"uv":[0.0,0.0,0.25,0.5],"rotation":0,"texture":"#052db53e-9617-1267-50a2-32becc7328b1","tintindex":0},"north":{"uv":[0.0,0.0,0.25,0.5],"rotation":0,"texture":"#052db53e-9617-1267-50a2-32becc7328b1","tintindex":0},"south":{"uv":[0.0,0.0,0.25,0.5],"rotation":0,"texture":"#052db53e-9617-1267-50a2-32becc7328b1","tintindex":0},"up":{"uv":[0.0,0.0,0.25,0.5],"rotation":0,"texture":"#052db53e-9617-1267-50a2-32becc7328b1","tintindex":0},"west":{"uv":[0.0,0.0,0.25,0.5],"rotation":0,"texture":"#052db53e-9617-1267-50a2-32becc7328b1","tintindex":0}}}],"display":{"head":{"translation":[0.0,-6.4,0.0],"rotation":[0.0,0.0,0.0],"scale":[3.8095,3.8095,3.8095]},"gui":{"translation":[0.0,0.0,0.0],"rotation":[35.0,225.0,0.0],"scale":[0.625,0.625,0.625]}}}