{"file_name":"upperbodypart2","texture_size":[64,32],"textures":{"203e0d2d-eb9e-7017-1378-7b3785b57ba3":"modelengine:entity/witherhead2","052db53e-9617-1267-50a2-32becc7328b1":"modelengine:entity/witherhead"},"elements":[{"name":"cube","from":[14.0,3.1999998,8.0],"to":[14.6,3.7999997,8.6],"rotation":{"angle":0.0,"axis":"x","origin":[8.0,8.0,8.0]},"faces":{"down":{"uv":[0.0,0.0,0.25,0.5],"rotation":0,"texture":"#052db53e-9617-1267-50a2-32becc7328b1","tintindex":0},"east":{"uv":[14.0,3.5,16.0,7.5],"rotation":0,"texture":"#203e0d2d-eb9e-7017-1378-7b3785b57ba3","tintindex":0},"north":{"uv":[14.5,4.0,16.0,7.5],"rotation":0,"texture":"#203e0d2d-eb9e-7017-1378-7b3785b57ba3","tintindex":0},"south":{"uv":[14.0,4.0,16.0,8.0],"rotation":0,"texture":"#203e0d2d-eb9e-7017-1378-7b3785b57ba3","tintindex":0},"up":{"uv":[14.25,5.5,15.25,7.5],"rotation":0,"texture":"#203e0d2d-eb9e-7017-1378-7b3785b57ba3","tintindex":0},"west":{"uv":[14.25,4.0,16.0,7.0],"rotation":0,"texture":"#203e0d2d-eb9e-7017-1378-7b3785b57ba3","tintindex":0}}},{"name":"cube","from":[3.1999998,3.1999998,8.0],"to":[3.7999997,3.7999997,8.6],"rotation":{"angle":0.0,"axis":"x","origin":[8.0,8.0,8.0]},"faces":{"down":{"uv":[0.0,0.0,0.25,0.5],"rotation":0,"texture":"#052db53e-9617-1267-50a2-32becc7328b1","tintindex":0},"east":{"uv":[14.0,3.5,16.0,7.5],"rotation":0,"texture":"#203e0d2d-eb9e-7017-1378-7b3785b57ba3","tintindex":0},"north":{"uv":[14.5,4.0,16.0,7.5],"rotation":0,"texture":"#203e0d2d-eb9e-7017-1378-7b3785b57ba3","tintindex":0},"south":{"uv":[14.0,4.0,16.0,8.0],"rotation":0,"texture":"#203e0d2d-eb9e-7017-1378-7b3785b57ba3","tintindex":0},"up":{"uv":[14.25,5.5,15.25,7.5],"rotation":0,"texture":"#203e0d2d-eb9e-7017-1378-7b3785b57ba3","tintindex":0},"west":{"uv":[14.25,4.0,16.0,7.0],"rotation":0,"texture":"#203e0d2d-eb9e-7017-1378-7b3785b57ba3","tintindex":0}}},{"name":"cube","from":[14.0,3.1999998,6.8],"to":[14.6,3.7999997,7.4],"rotation":{"angle":0.0,"axis":"x","origin":[8.0,8.0,8.0]},"faces":{"down":{"uv":[0.0,0.0,0.25,0.5],"rotation":0,"texture":"#052db53e-9617-1267-50a2-32becc7328b1","tintindex":0},"east":{"uv":[14.0,3.5,16.0,7.5],"rotation":0,"texture":"#203e0d2d-eb9e-7017-1378-7b3785b57ba3","tintindex":0},"north":{"uv":[14.5,4.0,16.0,7.5],"rotation":0,"texture":"#203e0d2d-eb9e-7017-1378-7b3785b57ba3","tintindex":0},"south":{"uv":[14.0,4.0,16.0,8.0],"rotation":0,"texture":"#203e0d2d-eb9e-7017-1378-7b3785b57ba3","tintindex":0},"up":{"uv":[14.25,5.5,15.25,7.5],"rotation":0,"texture":"#203e0d2d-eb9e-7017-1378-7b3785b57ba3","tintindex":0},"west":{"uv":[14.25,4.0,16.0,7.0],"rotation":0,"texture":"#203e0d2d-eb9e-7017-1378-7b3785b57ba3","tintindex":0}}},{"name":"cube","from":[12.8,3.1999998,6.8],"to":[13.400001,3.7999997,7.4],"rotation":{"angle":0.0,"axis":"x","origin":[8.0,8.0,8.0]},"faces":{"down":{"uv":[0.0,0.0,0.25,0.5],"rotation":0,"texture":"#052db53e-9617-1267-50a2-32becc7328b1","tintindex":0},"east":{"uv":[14.0,3.5,16.0,7.5],"rotation":0,"texture":"#203e0d2d-eb9e-7017-1378-7b3785b57ba3","tintindex":0},"north":{"uv":[14.5,4.0,16.0,7.5],"rotation":0,"texture":"#203e0d2d-eb9e-7017-1378-7b3785b57ba3","tintindex":0},"south":{"uv":[14.0,4.0,16.0,8.0],"rotation":0,"texture":"#203e0d2d-eb9e-7017-1378-7b3785b57ba3","tintindex":0},"up":{"uv":[14.25,5.5,15.25,7.5],"rotation":0,"texture":"#203e0d2d-eb9e-7017-1378-7b3785b57ba3","tintindex":0},"west":{"uv":[14.25,4.0,16.0,7.0],"rotation":0,"texture":"#203e0d2d-eb9e-7017-1378-7b3785b57ba3","tintindex":0}}},{"name":"cube","from":[11.6,3.1999998,6.8],"to":[12.2,3.7999997,7.4],"rotation":{"angle":0.0,"axis":"x","origin":[8.0,8.0,8.0]},"faces":{"down":{"uv":[0.0,0.0,0.25,0.5],"rotation":0,"texture":"#052db53e-9617-1267-50a2-32becc7328b1","tintindex":0},"east":{"uv":[14.0,3.5,16.0,7.5],"rotation":0,"texture":"#203e0d2d-eb9e-7017-1378-7b3785b57ba3","tintindex":0},"north":{"uv":[14.5,4.0,16.0,7.5],"rotation":0,"texture":"#203e0d2d-eb9e-7017-1378-7b3785b57ba3","tintindex":0},"south":{"uv":[14.0,4.0,16.0,8.0],"rotation":0,"texture":"#203e0d2d-eb9e-7017-1378-7b3785b57ba3","tintindex":0},"up":{"uv":[14.25,5.5,15.25,7.5],"rotation":0,"texture":"#203e0d2d-eb9e-7017-1378-7b3785b57ba3","tintindex":0},"west":{"uv":[14.25,4.0,16.0,7.0],"rotation":0,"texture":"#203e0d2d-eb9e-7017-1378-7b3785b57ba3","tintindex":0}}},{"name":"cube","from":[9.2,3.1999998,6.8],"to":[9.8,3.7999997,7.4],"rotation":{"angle":0.0,"axis":"x","origin":[8.0,8.0,8.0]},"faces":{"down":{"uv":[0.0,0.0,0.25,0.5],"rotation":0,"texture":"#052db53e-9617-1267-50a2-32becc7328b1","tintindex":0},"east":{"uv":[14.0,3.5,16.0,7.5],"rotation":0,"texture":"#203e0d2d-eb9e-7017-1378-7b3785b57ba3","tintindex":0},"north":{"uv":[14.5,4.0,16.0,7.5],"rotation":0,"texture":"#203e0d2d-eb9e-7017-1378-7b3785b57ba3","tintindex":0},"south":{"uv":[14.0,4.0,16.0,8.0],"rotation":0,"texture":"#203e0d2d-eb9e-7017-1378-7b3785b57ba3","tintindex":0},"up":{"uv":[14.25,5.5,15.25,7.5],"rotation":0,"texture":"#203e0d2d-eb9e-7017-1378-7b3785b57ba3","tintindex":0},"west":{"uv":[14.25,4.0,16.0,7.0],"rotation":0,"texture":"#203e0d2d-eb9e-7017-1378-7b3785b57ba3","tintindex":0}}},{"name":"cube","from":[6.8,3.1999998,6.8],"to":[7.4,3.7999997,7.4],"rotation":{"angle":0.0,"axis":"x","origin":[8.0,8.0,8.0]},"faces":{"down":{"uv":[0.0,0.0,0.25,0.5],"rotation":0,"texture":"#052db53e-9617-1267-50a2-32becc7328b1","tintindex":0},"east":{"uv":[14.0,3.5,16.0,7.5],"rotation":0,"texture":"#203e0d2d-eb9e-7017-1378-7b3785b57ba3","tintindex":0},"north":{"uv":[14.5,4.0,16.0,7.5],"rotation":0,"texture":"#203e0d2d-eb9e-7017-1378-7b3785b57ba3","tintindex":0},"south":{"uv":[14.0,4.0,16.0,8.0],"rotation":0,"texture":"#203e0d2d-eb9e-7017-1378-7b3785b57ba3","tintindex":0},"up":{"uv":[14.25,5.5,15.25,7.5],"rotation":0,"texture":"#203e0d2d-eb9e-7017-1378-7b3785b57ba3","tintindex":0},"west":{"uv":[14.25,4.0,16.0,7.0],"rotation":0,"texture":"#203e0d2d-eb9e-7017-1378-7b3785b57ba3","tintindex":0}}},{"name":"cube","from":[4.3999996,3.1999998,6.8],"to":[5.0,3.7999997,7.4],"rotation":{"angle":0.0,"axis":"x","origin":[8.0,8.0,8.0]},"faces":{"down":{"uv":[0.0,0.0,0.25,0.5],"rotation":0,"texture":"#052db53e-9617-1267-50a2-32becc7328b1","tintindex":0},"east":{"uv":[14.0,3.5,16.0,7.5],"rotation":0,"texture":"#203e0d2d-eb9e-7017-1378-7b3785b57ba3","tintindex":0},"north":{"uv":[14.5,4.0,16.0,7.5],"rotation":0,"texture":"#203e0d2d-eb9e-7017-1378-7b3785b57ba3","tintindex":0},"south":{"uv":[14.0,4.0,16.0,8.0],"rotation":0,"texture":"#203e0d2d-eb9e-7017-1378-7b3785b57ba3","tintindex":0},"up":{"uv":[14.25,5.5,15.25,7.5],"rotation":0,"texture":"#203e0d2d-eb9e-7017-1378-7b3785b57ba3","tintindex":0},"west":{"uv":[14.25,4.0,16.0,7.0],"rotation":0,"texture":"#203e0d2d-eb9e-7017-1378-7b3785b57ba3","tintindex":0}}},{"name":"cube","from":[10.4,3.1999998,6.8],"to":[11.0,3.7999997,7.4],"rotation":{"angle":0.0,"axis":"x","origin":[8.0,8.0,8.0]},"faces":{"down":{"uv":[0.0,0.0,0.25,0.5],"rotation":0,"texture":"#052db53e-9617-1267-50a2-32becc7328b1","tintindex":0},"east":{"uv":[14.0,3.5,16.0,7.5],"rotation":0,"texture":"#203e0d2d-eb9e-7017-1378-7b3785b57ba3","tintindex":0},"north":{"uv":[14.5,4.0,16.0,7.5],"rotation":0,"texture":"#203e0d2d-eb9e-7017-1378-7b3785b57ba3","tintindex":0},"south":{"uv":[14.0,4.0,16.0,8.0],"rotation":0,"texture":"#203e0d2d-eb9e-7017-1378-7b3785b57ba3","tintindex":0},"up":{"uv":[14.25,5.5,15.25,7.5],"rotation":0,"texture":"#203e0d2d-eb9e-7017-1378-7b3785b57ba3","tintindex":0},"west":{"uv":[14.25,4.0,16.0,7.0],"rotation":0,"texture":"#203e0d2d-eb9e-7017-1378-7b3785b57ba3","tintindex":0}}},{"name":"cube","from":[8.0,3.1999998,6.8],"to":[8.6,3.7999997,7.4],"rotation":{"angle":0.0,"axis":"x","origin":[8.0,8.0,8.0]},"faces":{"down":{"uv":[0.0,0.0,0.25,0.5],"rotation":0,"texture":"#052db53e-9617-1267-50a2-32becc7328b1","tintindex":0},"east":{"uv":[14.0,3.5,16.0,7.5],"rotation":0,"texture":"#203e0d2d-eb9e-7017-1378-7b3785b57ba3","tintindex":0},"north":{"uv":[14.5,4.0,16.0,7.5],"rotation":0,"texture":"#203e0d2d-eb9e-7017-1378-7b3785b57ba3","tintindex":0},